one,two,three,four,five,y
1.152901373,46.17006881,-87.30370702,-5.200510888,27.84772598,0
1.005502956,46.0050898,-88.36259812,-4.085970761,28.43129165,0
0.943806861,46.01529893,-89.20825815,-3.807185038,28.91357207,0
0.913042649,45.86870973,-89.7440372,-3.550208456,29.15208454,0
0.89509481,45.84835376,-89.9660084,-3.467469707,29.20056476,0
0.889286304,45.81193496,89.90554147,-3.526276104,29.2961976,0
0.898008704,45.6824122,89.89679256,-3.470217952,29.45088929,0
0.901082775,45.5749619,89.91388539,-3.48703048,29.51193023,0
0.926399788,45.45955699,89.91231779,-3.552446638,29.41278495,0
0.902918728,45.34678576,89.80686932,-3.564823899,29.58878974,0
0.885373992,45.38029316,89.73247248,-3.640576655,29.52370849,0
0.894826246,45.35386165,89.71404141,-3.690622322,29.42617652,0
0.88201951,45.44077004,89.6446181,-3.693518663,29.30847692,0
0.881848569,45.5228729,89.63744224,-3.693576569,29.32743894,0
0.865651793,45.58079762,89.61318869,-3.809022582,29.27313958,0
0.877831642,45.57849866,89.56856264,-3.83954895,29.16653883,0
0.85532337,45.74549904,89.33888908,-3.897039409,29.19018115,0
0.846822803,45.77695854,89.33048516,-3.919738618,29.23965002,0
0.847722901,45.81749457,89.26579547,-3.832553948,29.01288121,0
0.85074392,45.79014422,89.31667698,-3.813847716,29.1779875,0
0.846627574,45.77956621,89.46639834,-3.799734677,28.96051103,0
0.856688917,45.77205142,89.47089018,-3.813751545,28.88976906,0
0.855209792,45.78212017,89.45889445,-3.841402879,28.8793821,0
0.8512489,45.82643278,89.44939046,-3.788346429,28.91023593,0
0.86624811,45.80246378,89.42610669,-3.831497341,28.87604798,0
0.859042434,45.75884338,89.30002223,-3.873985137,28.80779524,0
0.848550729,45.76892468,89.22150168,-3.86842095,28.86649413,0
0.854652677,45.6384928,89.21724249,-3.835304195,28.99597093,0
0.849455042,45.51133359,89.22390968,-3.866011291,29.18681034,0
0.860440548,45.47793672,89.25197835,-3.82945817,29.05998309,0
0.872982184,45.41116971,89.36040197,-3.825669583,29.19082681,0
0.871717653,45.44296158,89.38458218,-3.83575061,29.1148331,0
0.882565305,45.40774428,89.42707851,-3.833711086,29.16397563,0
0.886879355,45.4058504,89.44450882,-3.851506913,29.1329808,0
0.891604834,45.36291716,89.47048122,-3.864334559,29.19847529,0
0.890528325,45.3479967,89.47871554,-3.848114872,29.05563821,0
0.890630565,45.3863482,89.53894344,-4.059958073,28.96624988,0
0.901861616,45.38660728,89.57741179,-4.061355144,28.97479028,0
0.91232768,45.36626537,89.61885703,-4.146933398,28.68115487,0
0.894770293,45.42603282,89.66009372,-4.215824087,28.92505007,0
0.892017215,45.50719468,89.64785519,-4.176550637,28.64493151,0
0.89548159,45.52469255,89.65384252,-4.186736337,28.65667099,0
0.906657902,45.49379913,89.82816858,-4.323595753,28.49857807,0
0.902878988,45.52075486,89.81985399,-4.233385442,28.51884605,0
0.904454138,45.52587511,89.83020072,-4.262719293,28.63820485,0
0.904892176,45.48732883,89.85677021,-4.288021856,28.45815756,0
0.906775385,45.50538979,89.89759375,-4.27799094,28.76443179,0
0.898582827,45.52498514,89.92148817,-4.283211628,28.5664354,0
0.893680944,45.48953989,89.90437867,-4.268916404,28.91237084,0
0.890918689,45.45372427,89.8862383,-4.262006393,28.7937727,0
0.890469852,45.76766971,89.87562543,-4.291483971,28.83463789,0
0.877613121,45.88380633,89.81425406,-4.288535268,28.5061068,0
0.884740897,46.07190395,89.62693541,-4.294323702,28.39709541,0
0.875497666,46.08038774,89.61738567,-4.222977389,28.38049354,0
0.851947968,46.17650159,89.54314626,-4.235177753,28.23452099,0
0.835266294,46.37450684,89.42646885,-4.225928503,28.02585013,0
0.793734949,46.54435761,89.92650185,-4.391464015,27.48034546,0
0.820872965,46.87955442,-89.01394974,-4.586427603,26.3170919,0
1.015405732,46.00719318,-83.444404,-5.034140067,23.97544587,0
1.110526593,45.55038563,-81.26698987,-5.371755049,23.06542246,0
1.165691205,44.63284615,-78.63437171,-5.298305393,22.26401273,0
1.18890503,44.08737475,-77.45242964,-5.44693021,21.41687541,0
1.176301758,43.47825448,-76.31340579,-5.58509577,20.95009047,0
1.109416124,42.93471195,-76.73019713,-5.572215377,20.79934189,0
1.068738271,42.47587411,-76.19697618,-5.616434321,20.40797763,0
1.021065866,41.29877487,-76.29243178,-5.611137663,20.55949549,0
1.033486669,40.66477634,-75.66498096,-5.615319101,20.09946317,0
1.042761543,40.48455385,-75.49235513,-5.702948913,19.48613628,0
0.999179786,40.38500247,-75.81199291,-5.725620824,18.90268588,0
1.035747726,40.12130806,-76.04441662,-5.940794742,18.85539123,0
1.036547514,40.06091699,-76.02063923,-5.981987407,18.79845584,0
1.037225753,39.98751568,-76.11968442,-5.997790229,18.77610194,0
1.048645204,39.72827999,-76.38552342,-6.303686063,18.99722549,0
1.136436653,39.65040212,-76.62599267,-6.302015522,19.50581982,0
1.4603009,39.73421039,-76.7785519,-5.987120662,19.48933969,0
1.513119439,40.10480318,-77.40624758,-5.811552457,20.13676065,0
1.357178345,40.65853037,-78.80666281,-5.752643149,21.22369276,0
0.984015696,43.18599503,-88.09037325,-4.271206204,23.83147286,0
0.8139913,43.51798963,87.84645082,-4.223619633,25.7781263,0
0.662363924,43.16243333,81.96138825,-4.441789691,27.56803929,0
0.558284734,43.41914511,78.64622574,-4.694001761,28.1951862,0
0.514217413,43.28141168,78.67658033,-5.189624569,29.17308927,0
0.522732972,43.08891567,77.09957607,-5.543463853,32.11504797,0
0.504020148,42.99391914,76.84293876,-5.775409718,32.8188051,0
0.471417121,42.74942012,76.05178326,-5.984057392,35.1734151,0
0.674192344,42.56783268,75.25674967,-6.352508555,33.20964062,0
0.47191135,42.59459783,75.49860189,-6.547677123,33.04654842,0
0.444535097,42.52273825,75.54964591,-6.671328872,34.71888128,0
0.807672883,42.55024895,75.79598477,-6.631302684,33.85673288,0
1.166484428,42.67162518,75.54391603,-6.630704055,34.63682187,0
3.097177028,42.21667655,75.88016617,-6.615407385,35.97649007,0
5.758684885,41.16101892,77.76268076,-6.672398811,36.74946109,0
4.880621472,40.75801249,78.69765995,-6.200461592,35.89741975,0
1.249899143,40.25982122,80.10742358,-5.934448374,33.88073339,0
0.7357294,39.49120558,82.34187566,-5.612742313,34.08512285,0
0.735126463,38.69448936,86.21835196,-5.660607314,29.11052874,0
1.530227,38.89254959,89.89883618,-5.512697163,35.07396398,0
1.317606148,39.03463855,-89.85083103,-3.37675019,23.29674155,0
0.76204044,39.31429704,89.98350406,-3.285976047,21.40466097,0
0.862595901,39.40624415,89.82637702,-3.271119655,20.22548825,0
0.928764178,39.7332795,-89.7712803,-3.104246178,20.30179984,0
0.919278942,40.24280965,-89.70900638,-2.930241991,20.21291467,0
0.947438841,40.50929811,-89.42086684,-2.953274154,20.32800644,0
0.910915015,41.02232034,-89.48746288,-2.779863881,20.17637829,0
0.891442892,41.97646823,-89.86599139,-2.74050661,21.23261548,0
0.845188286,42.86091285,-89.99983167,-2.769879865,21.48549605,0
0.862223225,43.30912791,-89.99758412,-2.805656869,22.95839635,0
0.859048812,44.0464401,-89.91054552,-2.912297036,23.09162791,0
0.864393268,44.11728059,-89.86985521,-2.817366731,24.29985787,0
0.860275291,44.20536433,-89.84216916,-2.795502873,25.02211803,0
0.872420571,44.53429274,-89.71509669,-2.631586815,25.43422936,0
0.901692266,45.76196925,-89.63658756,-2.557581077,25.57235686,0
0.89317493,46.19450279,-89.67275097,-2.514291523,25.88477666,0
0.872441536,46.85023666,89.7966159,-2.441888834,26.2426865,0
0.83890548,47.39905217,89.36824448,-2.303142352,26.4504431,0
0.828067704,47.62109864,89.14366234,-2.296283473,26.63917605,0
0.862735861,48.35810415,88.83448478,-2.268965633,27.09326487,0
0.814078585,49.25537208,88.43854264,-2.159342182,26.40988494,0
0.806524227,50.86621112,87.88935795,-2.113273051,26.07466262,0
0.795471557,51.50114802,87.74739101,-2.087902525,25.97414019,0
0.797757674,51.65795546,87.77236985,-2.088271266,26.58139618,0
0.812016982,51.70032819,87.9404764,-2.043356257,26.51296526,0
0.828148959,52.33859345,88.67260997,-2.115795172,25.74920397,0
0.889335978,52.52301581,89.83493992,-2.259566137,25.02093859,0
0.86969836,52.85060296,-88.97840423,-2.246953352,24.06254598,0
0.934398297,52.67041848,-87.40164931,-2.336615695,23.34936549,0
0.971977823,51.44267768,-83.97587103,-2.790241765,22.28985468,0
1.045616112,50.35778471,-81.11518843,-3.247336504,21.60532071,0
1.016529883,48.95616598,-79.00467877,-3.947058984,20.7977346,0
1.088215273,48.31192434,-77.77180257,-4.640011344,20.15096698,0
1.100675216,47.89258818,-77.8602524,-5.550239758,20.27287838,0
1.145388046,48.24408777,-78.15844613,-6.105232698,20.41170326,0
1.11921858,49.33665823,-79.1997573,-6.219616895,20.31657694,0
1.162127673,50.90581827,-80.78350682,-6.103111568,20.90602903,0
0.998298513,52.13845559,-87.40631163,-5.91921067,23.02641835,0
0.918343437,52.53489411,87.9016849,-5.887390273,23.80641676,0
0.883301743,52.75409061,86.03101628,-5.577749274,24.31379503,0
0.829317713,52.45693698,83.93757504,-5.458954516,24.70638549,0
0.780083552,51.18986645,79.43827664,-5.370720935,24.7126474,0
0.760871263,50.18967886,77.93838362,-5.430718593,25.90986674,0
0.726979925,49.21082915,76.40338132,-5.547572569,25.42042945,0
0.726910361,48.89115706,76.24721953,-5.364859858,24.81807512,0
0.720442346,48.65465012,76.35527018,-5.513376837,24.90202183,0
0.708473175,48.28712701,76.6139713,-5.531309398,25.40324429,0
0.702162145,48.63640473,76.90790818,-5.547441878,25.7666197,0
0.701621057,48.84460438,76.57660833,-5.439288842,26.0285974,0
0.671393024,48.9657703,76.64735718,-5.422922264,26.43505443,0
0.654551611,48.85752426,76.91751926,-5.408848473,26.49349024,0
0.650417512,48.79949257,77.08648673,-5.260585494,26.61301104,0
0.68846634,49.61779351,79.9542618,-5.276500525,26.10511618,0
0.791265736,49.90119145,86.32924693,-5.337243391,24.4126816,0
0.827619311,49.64609219,87.87486882,-5.545008192,24.55938332,0
0.807991093,49.67271115,89.60568918,-5.787432751,23.85586376,0
0.841541493,49.46722387,-88.68736997,-5.839907625,23.38029181,0
0.862079323,49.15258539,-87.70108404,-5.948131021,23.12110915,0
0.949878938,48.75661048,-84.13763688,-5.995025858,21.49399164,0
1.02047021,47.87703873,-81.01912352,-6.082637844,20.692382,0
1.104734988,47.16336813,-79.77717164,-6.12944264,20.56247997,0
1.138033248,46.49891854,-78.87685156,-6.100926304,20.51281425,0
1.178687265,46.03060859,-78.77165564,-5.97759799,20.4581094,0
1.20146047,46.04894062,-79.09995429,-6.02063895,20.69555661,0
1.189687884,46.10445635,-79.34120859,-6.024521833,20.76644395,0
1.186983699,46.06818279,-79.55925305,-6.09925886,21.04129566,0
1.225607944,45.93199557,-80.07441158,-5.943470414,21.5062251,0
1.209121617,46.15059543,-80.79626801,-5.811521219,21.86117336,0
1.141539687,46.83740551,-83.53046194,-5.881624499,23.12550592,0
1.096948173,47.2816937,-84.8633689,-5.927363157,23.767207,0
1.018850935,47.65581623,-86.73360389,-5.886444163,24.69933799,0
0.901740719,48.10096672,89.56130985,-5.715350506,25.9097592,0
0.860719571,48.29655973,88.63898157,-5.354847053,26.36960061,0
0.864393168,48.31179866,87.98118372,-5.17038859,26.55022513,0
0.826168397,48.45258938,87.08634329,-4.778931884,26.59061768,0
0.802642091,48.4918763,86.7143889,-4.478927308,26.61373764,0
0.822444586,48.20653194,86.81331318,-4.38148034,26.73604478,0
0.818483256,47.88616671,86.80803033,-4.427939443,27.08203299,0
0.806786358,47.82645179,85.72186394,-4.386358357,27.36600001,0
0.764937682,47.62690607,84.61299372,-4.280426924,27.8502551,0
0.752772701,47.60357751,84.38903967,-4.299461582,27.75242914,0
0.743384813,47.5891868,84.31615414,-4.173883941,27.58992158,0
0.742375373,47.4357398,84.17921262,-4.132377041,27.5737608,0
0.733501279,47.46177443,83.83545029,-4.064725832,27.71483065,0
0.754556853,47.63955355,84.74413008,-4.48168231,27.33397167,0
0.780639415,47.73135706,85.82103935,-4.496687523,26.78575674,0
0.7996519,47.85294879,86.7286202,-4.476341222,26.29184662,0
0.809059952,47.97377351,86.88978441,-4.478607788,25.98465378,0
0.799008819,48.18125343,86.98677923,-4.314778211,26.0637341,0
0.800296949,48.29475928,87.2766378,-4.052045048,26.25858239,0
0.820319368,47.84866733,88.14541775,-3.605590217,26.16550248,0
0.833433833,47.40507983,88.57543011,-3.29252944,26.94836454,0
0.848049655,47.00867596,88.67708149,-3.152807586,27.40699169,0
0.843966441,46.52229472,88.86529831,-3.186084267,27.92818694,0
0.849548394,46.23956945,88.93101147,-3.332698966,28.32377721,0
0.870093799,46.50092845,89.45900011,-3.030271926,28.04514248,0
0.880514076,46.66887102,89.84899692,-2.817523597,27.81772745,0
0.858400009,46.59826503,89.85664485,-2.589815814,27.46875026,0
0.857035689,46.61843588,89.8906829,-2.347977696,27.54499659,0
0.829327417,46.61581216,89.94383342,-2.372251068,27.50639169,0
0.829726317,46.60366736,89.99071397,-2.398976184,27.50567014,0
0.827424332,46.63496435,-88.94720984,-2.380351339,27.39685896,0
0.841076325,46.58869832,-88.46768895,-2.403611206,27.33095531,0
0.891945165,46.45344473,-87.40743306,-2.291173849,27.06754613,0
0.933632486,46.26182842,-85.84460347,-2.456571367,26.42328119,0
0.966725733,46.1678232,-85.29450112,-2.59313966,26.37576812,0
0.950029006,46.04475448,-85.21006146,-2.723739019,26.333292,0
0.970908296,45.91326783,-84.86943957,-2.787751829,26.05082572,0
0.958152265,45.9450846,-84.87160123,-2.801976719,26.08343243,0
0.971857178,45.86113608,-84.45335776,-2.839092811,25.84326081,0
0.980283739,45.83277354,-84.35849966,-2.824574869,25.94505319,0
0.989760862,45.82332482,-84.3032442,-2.894864626,25.76823084,0
0.990339856,45.88398959,-84.38849057,-3.015208064,25.65152635,0
1.010824228,45.82675062,-84.48136633,-3.022427466,25.58157476,0
0.97008239,45.88666755,-84.78095332,-3.151916341,25.73092205,0
0.925364403,46.05299481,-85.86022067,-3.170852433,26.17637768,0
0.893988638,46.59458852,-88.61898981,-3.03173845,26.89332055,0
0.851355847,46.73571737,-89.54815906,-2.947177932,27.39926054,0
0.850053575,46.79340479,89.88043773,-2.878359563,27.66273931,0
0.854295983,46.86653994,89.28760672,-3.089906906,28.14579923,0
0.834092071,46.89725754,88.72551634,-3.198478984,28.38326023,0
0.82467425,46.92520903,87.63685925,-3.215587791,28.85845532,0
0.800338821,46.91171327,87.22496415,-3.240572107,29.26537254,0
0.78030202,46.9233074,86.76254869,-3.269779536,29.25561124,0
0.795817007,46.85877455,87.02233792,-3.366296309,28.86463888,0
0.792851696,46.76105151,87.14028052,-3.339861884,28.99847977,0
0.793732892,46.67092921,87.25224194,-3.296163928,29.06386553,0
0.799114954,46.25806853,87.34101677,-3.384338127,29.41497122,0
0.790756823,46.21239692,87.36954265,-3.291641216,29.52908419,0
0.794183231,46.20880298,87.84448057,-3.439774929,29.05439072,0
0.790479435,46.21557694,88.03837664,-3.391889486,28.86423465,0
0.763721168,46.19094569,88.07510996,-3.392080369,28.44578243,0
0.771827135,46.12608078,88.27321809,-3.375234393,28.34459406,0
0.777336516,46.15847659,89.26423456,-3.386949972,26.86192416,0
0.791090411,46.21141881,89.86886947,-3.470951731,26.11452714,0
0.878874962,45.5814873,-85.80658276,-4.251787678,22.43103478,0
0.943732537,44.13917453,-84.46042351,-4.745911678,22.93334167,0
0.962804613,43.49675806,-84.0780673,-5.172726386,22.89144892,0
0.958408277,42.72803757,-83.19689758,-5.432509836,22.39991674,0
1.007165015,41.9747466,-82.78870768,-5.582349217,22.60316993,0
1.043150499,41.62924653,-81.81509281,-5.651767335,21.84385152,0
1.090937787,41.37724167,-81.64254727,-5.669263742,21.89842343,0
1.077870852,41.0934585,-81.94940226,-5.843940463,22.40683766,0
1.115599525,40.94656263,-81.5018332,-5.87174109,21.98528237,0
1.107404447,40.88442501,-81.38557373,-6.232587412,21.84512005,0
1.097087779,40.81783891,-81.51597097,-6.201376774,22.21705835,0
1.108142228,40.75138759,-81.37381418,-6.153991896,21.70909176,0
1.133806656,40.67231492,-81.1051231,-6.204946555,21.46702742,0
1.145807075,40.38149146,-80.69927246,-6.666216936,21.48020068,0
1.118376821,39.98813904,-80.58985338,-7.115862056,21.83765288,0
1.075326327,39.82193639,-80.0899435,-7.281670099,21.43207127,0
1.025860266,39.48540204,-79.90669517,-7.828262935,20.89672529,0
1.001220141,39.33149677,-79.80414543,-7.99484245,20.57427899,0
1.037691189,39.39013865,-79.68441296,-7.737880594,20.50868939,0
1.084508654,39.1250559,-79.8162566,-7.711181784,19.80921174,0
1.126931208,38.90113508,-79.96678626,-7.620560591,19.67033709,0
1.143964943,38.56689484,-80.15313452,-7.565539635,20.11730329,0
1.157798988,38.24899134,-80.36294545,-7.591929022,20.23422968,0
1.197735667,37.8989731,-80.61565315,-7.588308418,20.90386362,0
1.208437615,38.57281616,-82.44315883,-7.396110509,21.6475966,0
1.16285422,38.87192322,-83.18007551,-7.262439934,21.64302596,0
1.135487776,39.10461059,-83.75749251,-7.03055667,21.87031479,0
0.958908492,40.58038904,-89.52819172,-6.182507652,23.46410489,0
0.574244464,41.47089052,81.58547629,-5.825175459,27.68708072,0
0.440828092,41.72194911,80.26855721,-5.590321107,28.45069827,0
0.467220024,41.85721205,80.13937358,-5.365824285,28.9065341,0
0.54063051,41.78273858,79.50478439,-5.503768239,30.6722497,0
0.584164928,41.66504766,79.99967571,-5.520891946,31.55197046,0
0.601477608,41.53363262,80.15671262,-5.560097321,32.358364,0
0.552078189,41.44756695,79.76498357,-5.563903386,32.74181076,0
0.532042398,41.95509075,79.3680104,-5.552197761,33.59763697,0
0.446729641,42.4572916,78.66982105,-5.495196364,33.49758261,0
0.445613938,42.7970277,78.39069767,-5.475976083,33.20838826,0
0.440936461,42.9238119,78.02323192,-5.469487373,32.64864542,0
0.458701416,43.30062347,77.94089646,-5.460570182,31.86798132,0
0.455988278,43.71904093,77.86880871,-5.420681467,32.17103584,0
0.497356277,44.37345286,77.82506526,-5.29847448,30.96717999,0
0.504639666,44.64710315,77.82667537,-5.171371909,30.14943997,0
0.50998728,45.43598509,77.35547884,-5.062418546,29.13499119,0
0.508009646,45.44662253,77.14603432,-5.082684939,29.51255039,0
0.531543843,45.38821601,76.90550333,-5.154990866,30.73429329,0
0.533461765,45.33421532,76.44161188,-5.44040615,31.34116913,0
0.5709084,45.34188339,76.18448435,-5.702930256,32.32128447,0
0.527556171,45.70842442,75.37432084,-6.132303303,32.41365669,0
0.512805857,46.3646295,74.5463619,-6.547060612,31.7692871,0
0.495922208,46.78753949,74.16309767,-6.606167661,31.53464974,0
0.513879399,46.38428618,74.57693362,-6.776630808,32.03114565,0
0.507271359,46.13168688,74.79733858,-6.87464614,32.09282512,0
0.499744048,46.02693396,74.83227612,-6.886068069,32.24892196,0
0.490680318,46.05816042,74.88958073,-6.887819285,32.28386139,0
0.510139228,46.01528894,75.05660512,-6.620499277,32.10460606,0
0.608648259,47.27056169,79.75543632,-6.54165044,29.22402486,0
0.659550191,47.78178543,82.47059996,-6.448826969,28.25759911,0
0.733896626,47.97317806,85.25765939,-5.905806943,27.20688532,0
0.793547,47.47784157,89.12165573,-5.83985934,25.33306061,0
0.816234468,47.29460337,89.9762952,-5.770269211,24.99117968,0
0.871355771,46.4551289,-87.51744143,-5.827672969,23.82687694,0
0.875778292,46.20842476,-87.27264052,-5.8499954,23.79024001,0
0.975330848,45.11418947,-85.28751868,-6.414531812,23.53894975,0
1.012749983,44.52073706,-84.86212544,-6.777631957,23.73961936,0
1.122167931,43.52453908,-83.11174102,-6.351169461,23.75777222,0
1.119939468,43.64991344,-83.19464501,-6.152501255,23.66312371,0
1.138311439,43.56344493,-82.56319405,-6.220138307,23.32094892,0
1.137297774,43.63407046,-82.30017046,-6.218285701,23.08491091,0
1.139764549,43.56130441,-81.97289311,-6.208997189,22.8107217,0
1.132908472,43.44423275,-82.15645504,-6.113517227,23.14649656,0
1.114747771,43.47203566,-82.24505218,-6.009064491,22.36315331,0
1.099597422,43.48883605,-82.63310582,-5.618161516,22.78024952,0
1.126241639,43.409406,-82.82855945,-5.562411821,22.8861119,0
1.109817106,43.23777646,-83.15268434,-5.413384869,23.47938281,0
1.075747416,43.58355649,-84.39142795,-5.220323716,24.36535694,0
1.021703631,43.94265004,-85.8880786,-5.047494977,24.78876934,0
0.975798845,44.44456399,-88.3997553,-4.333033296,25.89070379,0
0.936608599,44.83110314,-89.20309099,-3.807147695,26.27106122,0
0.938463483,45.23983828,-89.46610145,-3.342621732,25.95753559,0
0.945528891,45.36377989,89.7596043,-3.079420027,26.97861926,0
0.921839328,45.42321708,89.44059046,-3.039746194,27.1391139,0
0.948879868,45.59701311,89.58933019,-2.95667501,27.52937443,0
0.949014935,45.91104472,89.67357141,-2.919529197,27.05297164,0
0.934873835,46.14214894,89.66597242,-2.939539784,27.25781964,0
0.937753,46.25384505,89.56821489,-3.025913836,27.28570314,0
0.954651109,46.31972356,89.49738246,-2.973951978,27.75849893,0
0.930868414,46.33848356,89.41764885,-2.885407936,28.08849585,0
0.92274644,46.37288652,89.16480634,-2.831733947,28.2459767,0
0.88904255,46.44225729,88.89863599,-2.811970366,28.93771401,0
0.91694606,46.71055752,88.59258368,-2.620870038,29.25139904,0
0.916801061,46.83646034,88.44573237,-2.285669339,29.32672093,0
0.913837299,47.74681174,88.32032231,-2.819490294,28.84492658,0
0.90517886,48.12382645,87.9573719,-2.914698871,29.05176375,0
0.901426667,48.41742327,88.04642348,-3.076471404,29.22503113,0
0.894050436,48.64804565,87.97478879,-3.125121863,29.40416721,0
0.914674588,48.79222131,87.98290554,-3.244241369,29.48686917,0
0.901095054,49.45580955,87.97302684,-3.364861853,28.96783437,0
0.887443298,49.61906369,87.9313048,-3.525504971,29.10935908,0
0.879127566,49.60101652,87.97465001,-3.528303903,29.12144238,0
0.888402226,49.63122805,88.02144903,-3.578710414,29.04285639,0
0.87623897,49.61281081,88.03015532,-3.627413733,29.24265175,0
0.869934634,49.61547481,88.03546701,-3.654782341,29.04619419,0
0.860880735,49.56006152,88.09468251,-3.626699234,29.22603109,0
0.862630646,49.65506189,88.1694163,-3.612819219,29.19120287,0
0.863898463,49.82400684,88.33782658,-3.614288037,28.8706679,0
0.858354976,49.82144717,88.43876367,-3.612617761,28.85115323,0
0.857283224,49.84459356,88.47350473,-3.446053672,28.84241156,0
0.859040898,49.80354529,88.51216262,-3.267465977,28.86609549,0
0.877578163,49.71454329,88.70005408,-3.174619379,28.61643788,0
0.876216072,49.5529834,88.74680118,-3.222339787,28.62829445,0
0.875986459,49.48812031,88.82773806,-3.226627377,28.62683118,0
0.872405246,49.47370463,88.80063739,-3.390602594,28.63323608,0
0.87566261,49.40089206,88.81404872,-3.36530298,28.64350687,0
0.882752068,49.33924762,88.83847486,-3.4264487,28.54317315,0
0.875990796,49.28859646,88.85874486,-3.412869414,28.63284638,0
0.887167513,49.20667128,88.8386696,-3.454503674,28.59148772,0
0.879311499,49.18966314,88.84593523,-3.422844052,28.78332969,0
0.886913272,49.15318578,88.85865973,-3.440309085,28.57283801,0
0.899851109,48.91620988,88.85506136,-3.398514843,29.00696338,0
0.905420123,48.88044425,88.84683034,-3.44274207,28.93212711,0
0.906469122,48.84578454,88.81656368,-3.418085919,29.08482738,0
0.908043311,48.74420869,88.79489908,-3.419895875,29.22737694,0
0.908247985,48.72072408,88.76771158,-3.355964373,29.2694971,0
0.914670544,48.58462698,88.61833958,-3.292076838,29.28010179,0
0.900084513,48.50683867,88.36403556,-3.259051755,29.37491342,0
0.921465387,48.36647197,88.37822035,-3.244746761,29.39469538,0
0.917498187,48.20252273,88.15015214,-3.253887186,29.4054241,0
0.913822176,48.15407137,88.00951676,-3.30664627,29.49404789,0
0.882321667,48.10930251,87.66679655,-3.268681879,29.5639923,0
0.876458544,48.06490634,87.3749828,-3.303521637,29.8141319,0
0.857354117,47.99758652,87.38254512,-3.310275304,29.81310513,0
0.859118398,47.9350339,87.33624022,-3.308360634,29.8840296,0
0.84568252,47.8193719,87.38587111,-3.184416189,29.86638662,0
0.852799985,47.73278675,87.39089715,-3.205484447,29.90080613,0
0.841447849,47.72728682,87.39814971,-3.172952373,29.99757788,0
0.866708889,47.76466531,87.91892858,-3.036413154,29.75805372,0
0.86057938,47.81386184,88.02032309,-3.016038054,29.48363336,0
0.916504582,47.95792525,88.90911778,-2.789693994,29.28684582,0
0.928249671,48.07332215,89.2842048,-2.69791992,28.8810023,0
0.981616816,48.18593037,-89.64921657,-2.526074816,28.38723103,0
0.974780168,48.34945301,-89.70616624,-2.334211973,28.47025292,0
0.947468369,48.54474268,-89.75031616,-2.218993824,28.34306294,0
0.942001683,48.63148753,-89.82546342,-2.222196132,28.38126252,0
0.94497299,48.72841625,-89.89398534,-2.188838367,28.16451952,0
0.931837206,48.6147071,-89.8966482,-2.181416139,28.483207,0
0.93305191,48.53499579,-89.90780512,-2.226669867,28.69627593,0
0.939713758,48.49665774,-89.90744996,-2.283022479,28.70487008,0
0.939334454,48.51621758,-89.9121197,-2.293398623,28.74921108,0
0.939911241,48.51231509,-89.914141,-2.282542808,28.75163675,0
0.949633533,48.48713636,-89.91003351,-2.233399807,28.91698595,0
0.955145281,48.50125996,-89.89052687,-2.227008826,28.83335294,0
0.966905275,48.48401095,-89.88461628,-2.255795853,28.93479595,0
0.971053745,48.4854842,-89.90254799,-2.209704403,29.1638685,0
0.968374516,48.773641,-89.90440105,-2.133688258,29.3193108,0
0.987654896,49.24527967,-89.92619108,-1.999474398,28.94075455,0
0.970172574,49.84734947,-89.90939598,-1.975264953,28.5841225,0
0.975425298,49.95884174,-89.90040517,-1.964745642,28.38084711,0
1.002381765,50.04440481,-89.9438243,-2.002248916,28.36988586,0
0.948085314,50.42747133,89.99552157,-2.002427187,27.99311855,0
0.955514137,50.67972214,89.8685822,-1.977684292,27.4882659,0
0.955191568,50.52525975,89.71443145,-1.953795779,27.43232873,0
0.956321516,50.6186177,89.43457229,-1.898140394,27.32312422,0
0.949658475,50.68837288,89.32549478,-1.726651253,27.22178245,0
0.939558102,50.78169348,89.11002712,-1.654628669,27.12491686,0
0.918838793,50.90117098,88.82996411,-1.648877491,27.07236842,0
0.915694937,50.90274643,88.63835698,-1.667576455,27.20940668,0
0.902994531,50.85428374,88.53040788,-1.714451878,27.12285192,0
0.890230185,50.82712083,88.36309605,-1.712326985,27.14256091,0
0.885495016,50.80255975,88.27116528,-1.719738277,27.18029062,0
0.882138509,50.82220337,88.19014263,-1.758449434,27.13459516,0
0.885004143,50.82596959,88.1393711,-1.709118416,27.26330771,0
0.872192765,50.81765977,88.14954174,-1.71659951,27.19821361,0
0.889752195,50.80230406,88.16223676,-1.703815981,27.30284758,0
0.880745404,50.79596616,88.18279738,-1.732483269,27.24823915,0
0.883467657,50.84243675,88.18435145,-1.811677195,27.21601377,0
0.870201812,50.94682165,88.16310158,-1.85006575,27.38714229,0
0.850404963,50.87230341,88.26352298,-2.140935991,27.30115387,0
0.859530304,50.86463145,88.43541011,-2.13834942,27.42934719,0
0.870581402,50.86797028,88.68674438,-2.130772143,27.24958564,0
0.882030188,50.87769884,88.95942089,-2.133420467,27.22646587,0
0.900242542,50.83264398,88.95396927,-2.121866911,27.26324101,0
0.910241542,50.78896039,89.03606642,-2.24579142,27.22493755,0
0.919962929,50.75047916,89.03857223,-2.255563842,27.14063445,0
0.90900655,50.70740466,89.03737334,-2.257324734,27.23333209,0
0.921141843,50.67883,88.9909109,-2.222479312,27.21547724,0
0.915239057,50.72539748,89.00357222,-2.082348487,27.30537247,0
0.918591875,50.94466162,88.92477818,-1.988097667,27.07824192,0
0.915827168,51.18542864,88.89839461,-1.874073457,26.94085027,0
0.912181627,51.2238095,88.85949879,-1.758984887,26.99924125,0
0.897521321,51.22668956,88.65839709,-1.686957311,27.17813929,0
0.924346843,54.51212834,89.11429947,-1.708109822,33.63310915,1
0.846539956,62.30994472,84.77131525,-1.370777117,32.93710356,1
0.815401051,67.521383,81.61710546,-1.053216032,31.59550908,1
0.800366366,69.77216841,79.20422214,-0.350048523,30.26620468,1
0.814680094,70.48963266,78.5922493,0.192699714,30.06534547,1
0.799770911,70.11172731,78.33379711,0.442922763,30.39975924,1
0.80585649,68.93729142,78.26111221,0.487919385,31.04445132,1
0.800909437,69.42432078,77.64350249,0.880474909,30.51296159,1
0.817519576,68.60889858,77.97075972,1.169172719,30.98900803,1
0.804872764,68.43367254,77.80442376,1.447904167,31.51965655,1
0.807414254,69.47627527,77.66300709,1.454220041,31.14439048,1
0.811911854,69.70884017,77.72986836,1.606423858,31.01859916,1
0.798224742,69.81770342,77.92585004,1.523874974,31.36542884,1
0.804781547,70.1847057,78.50169539,1.364290965,31.30622427,1
0.800094467,70.14786412,78.82315652,1.374855619,31.10888754,1
0.800427433,70.69348634,78.86666488,1.40028353,31.05100681,1
0.816645376,72.01213926,79.29930135,1.449035064,30.65182611,1
0.83344028,72.85352923,79.54827833,1.523830555,30.34409388,1
0.825859105,73.18531198,79.2900162,1.882292744,29.76603319,1
0.840522354,73.10820101,79.90140859,1.856905997,29.48502365,1
0.845121355,73.14736089,80.58841082,1.83512512,29.69413575,1
0.846498375,73.05889759,81.06384999,1.688844997,29.83340989,1
0.848046701,73.06442767,81.27647864,1.561331957,29.75342413,1
0.85998184,72.58883932,81.48218045,1.515233561,29.84602638,1
0.861753854,72.8576292,81.83986624,1.121090971,29.61554609,1
0.857670908,72.71475167,81.93964737,1.076302765,29.52103566,1
0.861877041,72.49042746,81.50686531,0.912088833,29.30765532,1
0.842229654,72.27756076,80.29762112,0.922622891,29.54146977,1
0.85576534,72.47090717,80.23391339,0.880676963,29.5011382,1
0.843110123,72.33698283,79.68690676,0.884898365,29.63616668,1
0.837529474,72.3711376,79.52819285,0.788630536,29.74047446,1
0.847998458,72.41575588,79.59608053,0.639996386,29.75143027,1
0.848641223,72.18318594,79.89274041,0.210360767,30.13892039,1
0.85452995,72.15011448,80.05499834,-0.035627546,30.46097009,1
0.853027638,72.01657109,80.23183158,-0.351870318,30.5983717,1
0.86097126,72.12948625,80.33721069,-0.617871448,30.76781233,1
0.853454281,72.20568227,80.37816344,-0.689070197,31.11148467,1
0.856568264,72.18802247,80.41665304,-0.560094432,31.48667257,1
0.83601511,72.36096496,79.95522762,-0.354767142,32.05288478,1
0.835585991,72.5457487,79.74314999,-0.178831679,32.38109266,1
0.818760035,73.50886509,79.52093153,0.149992272,32.86318532,1
0.837477622,74.33408897,79.47288842,0.406259454,32.58002626,1
0.833574791,74.33403432,79.47561195,0.679097354,32.65989765,1
0.852066838,74.32257039,80.46343438,0.774894508,32.72832221,1
0.850790464,74.38941839,80.8567175,0.985460585,32.5977037,1
0.856818367,75.24842726,81.04176896,1.031632654,32.16412937,1
0.846739052,75.53029193,81.20046257,1.138897937,32.02539935,1
0.870230489,75.69011351,82.1835599,1.088874456,31.88683619,1
0.88565115,75.76474808,82.71227529,1.086829796,31.54497493,1
0.858034835,76.23445651,83.04594436,1.094319982,31.36002248,1
0.863043175,76.27135852,83.58124929,1.21694071,31.04555246,1
0.871507525,76.53327877,84.1091467,1.069397029,30.71383881,1
0.92831364,81.11016937,85.96411318,1.130422198,28.90469046,1
0.963625929,85.1449444,88.39607543,0.70414171,26.87978077,1
1.010927325,86.34757898,89.19367988,0.630055528,26.12906626,1
1.045778891,88.72124456,-88.59274099,0.146032955,25.57328195,1
1.051501798,90.0106297,-87.93494382,-0.0699178746,24.73875883,1
1.055658064,90.12106346,-88.26217847,-0.0878142518,24.21465058,1
1.064835614,90.72883364,-88.74924237,-0.261162134,23.99812652,1
1.058831651,90.25780958,-88.78390961,-0.281203144,24.00615183,1
1.058043791,90.21080084,-88.7734543,-0.564778932,23.99419947,1
1.055758503,89.98969699,-88.64599109,-0.698279318,24.11031149,1
1.065449024,89.79998747,-88.37476599,-0.631154478,23.92550464,1
1.083709174,89.94833802,-88.54710846,-0.606043612,24.27919516,1
1.0468003,90.2350945,-88.54959857,-0.6348543,24.20420442,1
1.067359007,90.2882085,-87.86468479,-0.850563777,23.89821905,1
1.048677574,91.3335083,-87.85450853,-0.791419789,23.61563305,1
1.046064739,91.99940772,-87.96603795,-0.797574414,23.21961704,1
1.027289596,91.99507101,-87.27977969,-0.802619234,23.0876951,1
1.008234409,91.96601338,-87.36818735,-0.799861126,23.21236949,1
1.003330857,91.5154446,-86.79482845,-0.719634727,23.03112288,1
1.012778779,91.0832092,-84.88134337,-1.018191432,22.86901163,1
1.004807033,90.55847885,-84.28844138,-1.094824646,22.56166674,1
0.991528534,89.16630148,-81.81847301,-1.435281318,22.0627377,1
0.98649652,89.34771367,-81.47779555,-1.447701508,21.70662628,1
0.986189304,86.88583828,-81.15174885,-1.564795825,22.14863195,1
1.020586759,86.85181069,-81.41385093,-1.356429824,22.54107473,1
1.011168842,87.23186717,-82.09638603,-1.263492107,22.79188375,1
1.001693342,87.25505675,-83.13761306,-0.889251257,22.81635311,1
0.965409222,81.00217727,89.99874149,-0.557399918,25.80832435,1
0.890529266,72.73752891,85.11704673,-0.276554045,29.65215259,1
0.861101631,71.23427482,83.34696272,-0.142927053,30.2065926,1
0.859265139,69.28452331,84.27523274,-0.353399219,30.49284511,1
0.791452668,64.195659,85.62402396,-0.459752349,31.03868369,1
0.780919051,61.53887686,86.15952902,-0.640234511,32.39419511,1
0.759982174,59.90588033,87.60568792,-1.062824805,31.62486158,1
0.754607689,59.03488676,87.67854534,-1.277795292,31.75634306,1
0.756398147,58.48848386,87.67159937,-1.321586633,31.94451456,1
0.745147592,57.92097181,87.79021452,-1.225327935,31.66740166,1
0.763303576,57.40083217,88.5903163,-1.023950439,31.81735501,1
0.768995028,57.63671226,88.88671655,-1.147158711,31.49823283,1
0.771295124,57.79970638,89.03260729,-1.254862567,31.44931059,1
0.783956589,58.00798422,89.67389113,-1.377712739,31.11875481,1
0.802521223,58.2276827,89.46504039,-1.625615462,31.12707227,1
0.795584132,58.36858957,89.41108311,-1.645166856,30.99347349,1
0.842566369,58.36184084,89.45683594,-1.691559151,32.07525354,1
0.856189682,58.37524915,89.30706567,-1.717932875,32.32736847,1
0.859922308,58.55293134,88.50464796,-1.714598851,32.81415907,1
0.852376195,61.53502371,85.28391237,-1.236361055,31.88837809,1
0.835646515,62.69128562,83.61197731,-0.761182118,31.60736473,1
0.823357976,63.1475365,82.67890578,-0.406981164,31.61676351,1
0.818325044,63.37597729,82.15038867,0.200756999,31.89879312,1
0.836309776,64.13891014,82.08914928,0.20711464,31.57665653,1
0.82867852,64.16192023,81.5838934,0.230762003,32.00422223,1
0.815555935,64.13520382,80.94379053,0.0566453169,32.50133501,1
0.812546045,64.09962226,80.90544091,-0.0892620084,32.94442855,1
0.805549012,64.13596905,80.75158156,-0.20565751,33.05987009,1
0.795950705,64.07240103,79.89928551,-0.216546798,33.3424643,1
0.790768432,64.1855069,79.58153168,0.000694871586,33.55590444,1
0.789583518,64.09361565,79.33776404,-0.00979831588,34.03017644,1
0.789349516,64.02345756,78.98032027,0.0252329275,34.40501119,1
0.785142212,64.30552066,78.69335631,0.176811035,34.33191808,1
0.776911932,64.75153234,78.43210554,0.0935398436,34.3473914,1
0.779648494,65.33845048,78.32475698,0.0146933311,33.89372211,1
0.805959505,66.23187494,80.7577507,-0.0715056252,33.18428014,1
0.832798553,66.91363115,82.44562266,0.0236490525,32.23072572,1
0.804524911,67.01097196,85.30945629,-0.0991432179,31.1594395,1
0.840143875,66.19306133,86.94272927,-0.109226866,30.99849792,1
0.817487003,64.70773906,88.92825166,-0.330309025,30.77814151,1
0.841081367,64.25551953,-89.5521285,-0.925500351,29.88633776,1
0.868885872,63.9554525,-88.10455621,-1.562122112,29.46506499,1
0.878357804,62.38249061,-87.43578469,-2.086022292,30.11028231,1
0.883813012,61.96919905,-87.06735889,-2.358669613,30.03846935,1
0.901962654,61.97253693,-86.77553761,-2.547361117,30.16761038,1
0.910636786,62.0300568,-86.67292571,-2.879870634,30.22937073,1
0.958341378,62.16836218,-85.93839865,-2.857738335,30.58863658,1
0.954680366,62.20268719,-86.06076017,-2.873384844,30.81673247,1
0.953040641,62.21296672,-86.16916749,-2.824452641,31.04840299,1
0.951608259,62.70507814,-86.33105807,-1.840101167,31.08154566,1
0.944785827,63.55195461,-86.35473714,-1.277592101,30.93686633,1
0.939002695,64.26670943,-86.48086864,-0.959927818,30.91799386,1
0.951256892,64.86647165,-86.68925951,-0.876873607,31.05661352,1
0.94637655,65.37473269,-87.15514911,-0.750181421,31.16610207,1
0.92564824,65.96842399,-87.74406533,-0.647320861,31.30593941,1
0.92696329,66.04608482,-88.67232502,-0.644159815,31.92694669,1
0.904151677,66.19679059,-89.73415642,-0.373407687,32.26540913,1
0.885153511,66.17699794,89.10332311,-0.540635073,32.49771635,1
0.8919139,65.75321105,89.11252334,-0.497729162,31.71836171,1
0.887467456,65.2895556,89.08589399,-0.0890527349,31.04008496,1
0.859519066,62.9173889,88.00087934,0.180805602,30.71427251,1
0.86867319,61.50278658,87.89711625,0.277530455,30.74059945,1
0.858558184,59.17188831,87.48758825,0.938094417,31.05893817,1
0.844896172,58.38723919,87.16465626,1.147472263,31.53863934,1
0.850641299,57.34432101,87.22209311,1.70621414,31.8545165,1
0.844468376,56.23957306,87.50936644,1.648054649,32.63636883,1
0.859875772,55.90758372,87.8388152,1.954013289,32.8398603,1
0.873368387,54.95906379,87.88902782,2.186044765,33.68252351,1
0.852786563,55.2211647,87.87738169,1.834504015,34.04189663,1
0.858822958,55.03905978,87.8391318,1.919577707,34.28140486,1
0.848565839,54.68935436,87.75657211,2.007300682,34.8754819,1
0.857820243,54.89651148,87.77977815,1.942364634,34.77414886,1
0.875555518,54.98126842,88.05206306,1.763481206,34.59546916,1
0.872853494,55.1125497,88.19270067,1.812500175,35.02438973,1
0.881896171,55.39309377,88.40237223,1.05229021,35.26087942,1
0.883768333,55.94432695,88.67758663,0.39151269,35.69730747,1
0.883732882,56.35703067,88.86567245,-0.0558476356,35.65854967,1
0.889230311,56.54760714,88.87288721,-0.402019384,36.23636888,1
0.88272697,56.5938286,88.77876015,-0.45362051,37.11695815,1
0.885698286,56.97916626,88.65373779,-0.32413496,37.68199863,1
0.903737691,57.26129673,88.87394017,-0.202041606,37.92869904,1
0.898818906,57.4963266,88.84940739,-0.329346881,38.3607042,1
0.890696836,57.75679697,88.70577332,-0.325455279,38.89210921,1
0.879391058,58.50532065,88.55168092,-0.282788335,38.91926327,1
0.873720274,58.98015798,88.49366172,-0.280505931,39.13340209,1
0.872246767,59.73467918,88.4698162,-0.0517655498,38.51867564,1
0.883377862,59.82833634,88.53345692,-0.621978421,38.83498957,1
0.877563874,60.00838765,88.31958268,-0.797004474,39.23578371,1
0.876982506,61.39445727,88.21224547,-0.940841981,38.63379672,1
0.868397721,63.03599853,88.16389387,-1.219848573,37.82555519,1
0.864719705,64.81527533,88.04672735,-1.266532033,36.82641208,1
0.882165306,64.56860586,88.13454214,-1.111994323,37.57727021,1
0.874876548,64.96324497,88.11676746,-1.022357998,37.81017759,1
0.867104538,65.5675957,87.94685456,-1.121285162,37.98401482,1
0.862979852,65.53002962,87.56303921,-1.117101184,38.20299159,1
0.86556839,65.42666567,87.35965283,-1.061041597,39.12736262,1
0.870250533,65.37015351,87.13295679,-0.879697567,39.54584793,1
0.857939644,65.16767719,87.04660845,-0.650326644,40.34969387,1
0.861320863,65.44794529,87.21946508,-0.83881553,40.64750222,1
0.858326808,65.51921573,87.23052505,-1.734213678,41.36232248,1
0.86313081,65.59092623,87.22742203,-2.199363891,42.00723886,1
0.869193382,66.52058869,87.65940328,-2.558951634,41.69236003,1
0.872512472,66.85568704,87.85314256,-2.847010259,41.67343251,1
0.865093111,68.19978545,87.63572407,-2.792059327,41.60027541,1
0.872336242,68.87326118,87.51663631,-2.905447412,41.29935813,1
0.871110939,69.12269465,87.50627536,-2.677011196,41.41834638,1
0.861564143,69.11756817,86.72958091,-2.414325846,42.08162786,1
0.857767454,69.50361255,86.32240254,-2.4264295,42.19338836,1
0.856827944,69.69054549,86.28290723,-2.551086351,42.39315962,1
0.868929897,70.64116212,86.40098765,-2.499299023,42.55284814,1
0.872948553,71.49366646,86.36239482,-2.274290946,42.15446312,1
0.866582249,72.10638787,86.37113991,-2.215718994,42.1775333,1
0.86368349,72.17551366,86.34483965,-2.144717742,41.97397474,1
0.862206742,72.53129862,86.3435129,-1.698288792,42.38979711,1
0.865271889,72.78232935,86.32551156,-1.678102976,42.0575136,1
0.86199348,73.57850794,86.27722358,-1.566832381,41.75444416,1
0.864818576,73.8073957,86.24656983,-1.86580958,41.79674779,1
0.86003979,73.41909388,86.12110198,-2.210159487,41.17878306,1
0.86031698,72.93299277,85.8869645,-2.296614195,41.46090967,1
0.849178469,72.38037099,85.60792606,-2.785275876,39.90802535,1
0.846625579,72.00369592,85.40677701,-2.825401613,39.15212525,1
0.851103205,71.57025911,85.42537988,-2.878206792,38.42847112,1
0.84936539,70.36365837,85.66116474,-2.415273601,37.12785756,1
0.846921493,68.05195806,85.82758786,-2.095659867,36.5875907,1
0.84193943,66.73859638,86.08602826,-1.084512856,35.03142583,1
0.839694515,65.06163042,86.23439663,-0.557598877,34.27468952,1
0.836983455,64.23879587,86.44800703,-0.426778309,33.24566187,1
0.846369705,60.25962527,87.16676224,-0.108660969,32.31339456,1
0.845530342,57.53336394,87.37354028,0.598305034,32.0322569,1
0.820161049,56.18835873,87.08397656,0.824455313,31.05783311,1
0.822160644,55.27220954,87.10027165,0.978028409,31.12301596,1
0.825520873,54.43729158,86.89976851,0.932101803,30.86182888,1
0.802777007,54.06028119,86.4405521,-0.440088408,31.39944305,1
0.798416862,53.71371232,86.55550279,-0.656480143,31.00436601,1
0.795000933,53.62702914,86.59281519,-0.610264312,31.19197255,1
0.800032627,53.63434045,86.56927101,-0.657766287,30.74922473,1
0.804732365,53.53294524,86.97139215,-0.911423231,30.34507305,1
0.802936362,53.24583453,87.22104032,-1.002727479,30.04571987,1
0.808569842,53.3363321,87.32677862,-1.204846897,29.40329579,1
0.824216302,52.71751853,88.08546654,-2.685040007,28.84490902,1
0.809477432,52.63392173,88.2052988,-3.721549065,28.44957091,1
0.824723747,52.5053163,88.1788319,-3.905840666,28.50535065,1
0.82067776,52.56836397,88.00972676,-4.072723947,28.39590522,1
0.814767104,52.50495234,87.79765179,-4.531527679,28.3519264,1
0.816571141,52.28761749,87.62655973,-4.791697115,28.42859509,1
0.816577629,52.12240474,87.5071564,-4.872512999,28.04724801,1
0.797673631,51.56764258,87.37969057,-4.829337229,28.39519723,1
0.784766119,51.56995651,87.35970558,-4.768324899,28.97215826,1
0.787964156,51.45658879,87.39647598,-4.523638392,29.1125332,1
0.784450792,51.46878839,87.41852981,-4.325715484,29.31418398,1
0.786865267,51.48154452,87.54520883,-3.970444954,29.47666194,1
0.812977323,51.5019153,88.07251967,-3.258323103,29.32926845,1
0.820336187,51.82676707,88.41877978,-2.651415735,28.92616056,1
0.825118889,52.00935865,88.3535379,-2.470931384,29.03211272,1
0.824039086,52.1607499,88.44109311,-2.374584543,29.27270884,1
0.837427604,52.19850611,88.8223035,-2.503657494,29.11738061,1
0.837743227,52.18962275,88.92232353,-2.422277286,29.13561128,1
0.835002401,52.00975757,88.90707815,-2.19402947,29.29422123,1
0.842749917,51.86609785,88.92272353,-2.423546072,29.29568072,1
0.834440478,51.70164285,88.80414833,-2.456529725,29.81035161,1
0.832963925,51.60533218,88.67061111,-2.271103054,30.16630434,1
0.832436513,51.72827643,88.47867093,-2.027617782,30.66419124,1
0.836807029,51.70030612,88.36517255,-1.780557023,30.8108157,1
0.831976901,51.69048722,88.29248577,-1.780888748,31.09964805,1
0.835399276,51.63348609,88.18401944,-1.617896725,31.32601609,1
0.83870782,51.48105165,88.11262773,-1.889126171,31.74660776,1
0.836596931,51.46293368,88.06112999,-1.961701203,31.68494478,1
0.842593244,51.34626651,88.04713828,-1.923147114,31.93492622,1
0.851801472,51.01757636,88.04919084,-1.902011974,32.27667996,1
0.844077088,50.9051355,88.02646021,-2.025186589,32.44801056,1
0.855057175,50.7218257,88.12275928,-1.907565066,32.70813708,1
0.850032603,50.23540477,88.11146269,-2.11495254,33.05878668,1
0.84798209,50.03880995,88.01038652,-2.237818843,33.10553771,1
0.849145426,50.03233793,88.00955593,-2.288359587,33.08457368,1
0.842473399,50.00434752,87.95848448,-2.295490788,33.14920128,1
0.847205427,49.89956648,88.01006511,-2.271943333,33.24791728,1
0.845097228,49.91429112,88.07094045,-2.273088858,33.24643973,1
0.835765911,50.08138672,87.98682881,-1.840417714,32.91526408,1
0.833988863,50.1123939,87.85883314,-1.497934121,32.92348737,1
0.841876218,50.04236885,87.69971498,-1.278885682,33.10204048,1
0.832544567,50.06031711,87.63299083,-1.289121329,32.96141122,1
0.813932193,50.13700428,87.62264825,-1.288446108,32.65286235,1
0.80972178,50.33409855,87.58391507,-1.346876485,32.31529223,1
0.810450639,50.35342632,87.68290411,-1.43669523,32.01328536,1
0.827550757,50.11778382,88.10197139,-1.566692313,31.50134562,1
0.823856422,49.96532131,88.31800511,-1.776748,31.58937565,1
0.83057284,49.98974966,88.56733479,-2.206536233,31.30053047,1
0.835330404,49.93384382,88.69120084,-2.330740474,31.08227227,1
0.816850629,49.94530304,88.66258081,-2.240090949,31.20860747,1
0.817988314,49.9260419,88.60930102,-2.120004459,31.28844003,1
0.819427196,49.98469136,88.62831074,-2.199312915,31.42347076,1
0.816588142,50.14380843,88.63091987,-2.195794489,31.56296802,1
0.824499284,50.37231307,88.55891595,-2.057964443,31.23624112,1
0.817091013,50.66984069,88.47708609,-2.059473261,31.0897183,1
0.819856854,50.73490305,88.36718277,-1.957248156,30.88904805,1
0.811790171,50.77458146,88.31337123,-1.731903448,31.09972748,1
0.813659621,50.88768477,88.32281554,-1.686362758,31.10018409,1
0.822539675,51.06782498,88.30407326,-1.716687062,30.85670654,1
0.815980572,51.08431835,88.331689,-1.619104744,30.99996136,1
0.820951222,51.03835669,88.42720107,-1.330123399,30.94030283,1
0.822710692,51.07555547,88.6183461,-1.324257386,30.82218642,1
0.829172506,50.9938315,88.76709389,-1.276190952,30.94600423,1
0.828725144,50.94810159,88.88869924,-1.22696225,31.0870066,1
0.83719971,50.8959976,88.97886953,-1.159949186,31.17706644,1
0.832961948,50.74189249,89.07251368,-0.989500784,31.41980118,1
0.838135512,50.43666983,89.12717378,-1.019919326,31.87774247,1
0.83548021,50.42324901,89.17520021,-1.023736295,31.81027357,1
0.843735723,50.3834527,89.13038944,-0.876342579,31.96775222,1
0.847425516,50.39816575,89.14055694,-0.488503513,31.90680819,1
0.848269847,50.39777474,89.19832248,-0.276531758,31.85086004,1
0.845506151,50.52585658,89.30285528,-0.103851187,31.859545,1
0.839468453,50.64435849,89.50039482,-0.136291505,31.92020471,1
0.837581013,50.62535342,89.52588824,-0.0431113393,31.92236156,1
0.850000542,50.75725648,89.48889987,-0.114747498,32.29173791,1
0.835839625,51.3434052,89.05524659,-0.0350485488,32.82480854,1
0.827148008,51.87353741,88.89773434,-0.309865708,32.89096974,1
0.840322098,53.42958427,88.7719167,0.00677936932,32.13278896,1
0.840641031,56.21130158,88.56699455,0.165235306,30.72854626,1
0.84559605,57.09750512,88.47807359,0.275153027,29.95665272,1
0.848067187,58.05621818,88.4128399,0.282455545,30.73336116,1
0.859630493,58.56691666,88.30747968,0.166655657,30.54851597,1
0.865491674,58.76339833,88.29332368,-0.0268066351,30.75161166,1
0.908024963,60.46958363,88.4404545,-0.351748498,30.3886051,1
0.908140392,61.25881962,88.43012768,-0.647650666,30.20331985,1
0.914291855,61.76891252,88.35947823,-0.855878019,30.27772402,1
0.912705773,64.60928912,88.26694454,-0.964903955,29.11310511,1
0.901438414,66.07420133,88.26163279,-1.391907474,28.24532044,1
0.921362105,66.53949449,88.80922009,-1.984106001,28.07391794,1
0.91801923,67.69756371,88.93359195,-2.171423385,27.50133727,1
0.938214337,67.73084419,89.724983,-2.343428224,28.3757241,1
0.979540435,68.17530203,89.7303137,-2.437290965,29.84523121,1
0.951717986,69.31845394,89.67656756,-2.427926291,29.99030402,1
0.968503527,72.07940155,89.52766324,-2.157286293,29.84374028,1
0.955380412,73.46222251,89.16377331,-1.56226222,30.1428825,1
0.975697907,72.98516785,89.04721224,-1.375835595,31.23724108,1
0.972305533,72.65044584,88.69132546,-1.349056776,31.80639514,1
0.967487086,72.8877958,88.65638131,-1.06056176,31.29256259,1
0.964550769,72.90305091,88.48429318,-0.611471052,31.33983382,1
0.957005343,72.91251919,88.43393754,-0.246577947,31.2900476,1
0.94216132,73.18198631,88.3514125,0.373185364,31.15140008,1
0.922330497,73.4786306,88.19915604,0.918573277,31.19523992,1
0.913869769,73.9986372,87.64504414,1.61638275,31.49136366,1
0.915079578,74.13605996,87.18461949,1.924409916,31.84802756,1
0.913548127,74.07495699,87.17125453,1.939684869,32.00355294,1
0.91439342,74.09053798,87.30742676,1.898152145,32.05373838,1
0.909925171,74.13638247,87.30102559,1.959568779,32.16847975,1
0.9103612,74.31142349,87.28868377,1.727461215,32.16463655,1
0.910210234,74.3660236,87.27163427,1.672574819,32.22140199,1
0.902114237,74.5164631,87.19079314,1.845696339,32.22225108,1
0.899618675,74.28348826,87.31288699,1.677552862,32.24471923,1
0.892454407,73.97304547,87.34410606,1.603001924,32.33092497,1
0.90506246,73.84947237,87.34645724,0.975496795,31.59677831,1
0.893937882,73.5548312,87.33934934,1.003893705,31.29710389,1
0.903647954,72.4880983,87.360594,0.871398023,30.5570828,1
0.892187805,71.76036919,87.38340391,0.674555487,30.09460806,1
0.88808545,71.03265649,87.47523057,0.691781064,29.37284368,1
0.873077769,67.09434557,87.8081267,1.108728261,28.61299755,1
0.870594669,64.64838305,87.98687732,1.120199484,28.64569947,1
0.860716647,59.78750107,88.15058956,1.592161995,29.75889314,1
0.849445757,58.24870914,88.34528865,1.724087156,30.01791749,1
0.837279353,57.64893803,88.36439174,1.626926312,29.87666659,1
0.845793444,55.36708927,88.47383893,1.601075436,29.83731686,1
0.833266678,54.88035648,88.56591746,1.600279021,29.79404362,1
0.83423098,53.36516999,88.75391521,1.520028866,29.79830895,1
0.831191915,53.15958735,88.75543712,1.281516961,29.60170294,1
0.823768379,51.41968309,88.94561714,1.081776501,30.28106108,1
0.844988358,49.8816661,89.12317445,0.7350478,31.38484229,1
0.856616904,49.46786497,89.15532015,-0.00513347784,31.32752275,1
0.856849831,49.587121,89.23619504,-0.87402697,30.74490159,1
0.855537467,49.32731589,89.31461672,-1.194936002,29.87642323,1
0.851508365,49.25371366,89.36419274,-1.895034361,30.32311322,1
0.877206958,48.9411327,89.4596016,-2.272278365,30.39284793,1
0.890400849,48.97843925,89.64872341,-2.846735536,30.65875778,1
0.893826353,49.00219352,89.90118715,-2.470054411,29.48465039,1
0.874971282,49.02719157,-89.99729252,-2.544719247,29.19263555,1
0.867515573,49.25264916,-89.85994455,-1.830188749,28.56519227,1
0.858145351,49.19024503,-89.81653389,-1.700048441,28.94398576,1
0.888258811,49.11917447,-89.78683566,-1.850100709,29.13349068,1
0.891997356,49.32933059,-89.6754941,-1.531564623,29.38687371,1
0.88504252,49.31873137,-89.66024752,-1.963932824,29.22276086,1
0.89050081,49.3472589,-89.63923836,-2.02820923,29.38287767,1
0.907769408,49.55952169,-89.46922596,-1.796668459,29.07318467,1
0.904900852,50.11960116,-89.3598395,-1.686866642,29.2512975,1
0.929710121,50.19587526,-89.25334498,-1.635185629,29.6710889,1
0.940921369,50.26325053,-89.10974849,-1.607768454,29.72208279,1
0.931110288,50.59842798,-89.0573847,-1.601959719,29.6421915,1
0.930495717,50.78652723,-89.0106872,-1.759753652,29.34773345,1
0.930794358,50.94340784,-89.04488243,-1.908509085,29.30010702,1
0.924804796,51.06736587,-89.23327162,-1.707829873,28.83603553,1
0.906865206,50.77712312,-89.29515849,-1.73192791,29.23401024,1
0.905764217,50.62195569,-89.35706351,-1.722891908,29.57010961,1
0.907756113,50.42053453,-89.40842661,-1.827079736,29.80435557,1
0.911746111,50.1648647,-89.40491246,-1.830700332,29.70185547,1
0.917442742,50.17543764,-89.36640001,-1.747304717,29.78353829,1
0.908872151,50.22242097,-89.33428864,-1.771036251,29.45620063,1
0.898770851,50.21548275,-89.31573474,-1.726176258,29.64738213,1
0.897632347,50.25415716,-89.31461596,-1.591155277,29.37149716,1
0.904101292,50.2225005,-89.31552767,-1.68685509,29.34296672,1
0.896975648,50.17979343,-89.34526296,-1.69344381,29.33912529,1
0.889941957,50.18225922,-89.40405427,-1.767079058,28.91873644,1
0.88653694,50.17732248,-89.32016151,-1.827169184,28.22531258,1
0.886216413,50.23864594,-89.3160889,-1.756391677,28.11528111,1
0.867667117,50.25502088,-89.44740331,-1.715805412,28.11929287,1
0.862963869,50.1863132,-89.47024787,-1.774377272,28.27409031,1
0.87254683,50.19643097,-89.50225528,-1.856477118,28.18593123,1
0.866334375,50.08361216,-89.58355707,-1.855469222,28.38811059,1
0.855177419,50.03169785,-89.62544696,-1.967711559,28.48025055,1
0.865488066,50.00824237,-89.64759916,-2.010045384,28.50225368,1
0.870701944,49.94791967,-89.67152546,-2.006199134,28.73212449,1
0.872279878,49.86374655,-89.78783218,-1.856722267,28.99344051,1
0.882089754,49.67083239,-89.87296256,-1.992898032,29.29821944,1
0.886192409,49.65268152,-89.94659222,-1.625376126,29.60592017,1
0.896855004,49.65510979,-89.96982503,-1.318100465,29.69532394,1
0.903667963,49.54962375,-89.98975036,-1.001901802,30.257394,1
0.91953867,49.63921671,89.94455153,-0.527822398,30.72800305,1
0.920156739,49.66781537,89.88401075,0.0440518477,30.91631681,1
0.912341036,49.94231293,89.80912009,0.712863568,30.94958333,1
0.890330326,50.94316765,89.67178867,0.809735715,30.34427033,1
0.88655012,51.63061792,89.57146013,1.17894014,29.82474015,1
0.8799076,52.04976716,89.63242222,1.24968311,29.77407217,1
0.867341309,52.58510116,89.65969937,1.302413442,29.50977012,1
0.876393766,52.6401084,89.68015585,1.229690526,29.44455512,1
0.876551302,52.74287214,89.75537188,1.12554835,29.53507278,1
0.880856223,52.86358642,89.96466206,1.124838682,29.84448471,1
0.891795277,52.89630571,-89.94260055,1.135458127,29.8833054,1
0.898949019,52.92149386,-89.72338869,1.071562391,29.87089217,1
0.890196291,53.21270695,-89.74466288,1.14809449,30.02628767,1
0.891480165,53.31276315,-89.73150239,1.161826327,29.82530854,1
0.896704227,53.56058761,-89.71612107,1.282915304,29.37832471,1
0.892242056,53.5773788,-89.67363354,1.24645226,29.39886765,1
0.886737144,53.53036731,-89.68477786,1.252862295,29.4989554,1
0.863577343,54.02237826,-89.67300015,1.286884104,29.5984662,1
0.853146257,54.87408836,-89.60210908,1.173373811,29.03139017,1
0.831439685,55.06778087,-89.53597136,0.921515902,28.64388971,1
0.82247705,55.96359855,-89.31273151,0.864692098,27.7579084,1
0.842254023,56.03802949,-89.26721119,0.738084805,27.42371459,1
0.850818984,55.90361112,-89.27926229,0.753712461,27.54809183,1
0.850351247,55.85249244,-89.21388607,0.763770325,27.32374201,1
0.882676494,54.36724135,-89.33385586,0.605218609,27.64907531,1
0.883736448,53.88199601,-89.37831419,0.596054829,28.09258245,1
0.881870193,53.05274479,-89.45293601,0.460356464,28.48446821,1
0.882680857,52.39779374,-89.51963024,0.543774141,29.24096564,1
0.8800985,52.02505891,-89.61878985,0.540037611,29.32102286,1
0.865325705,51.42485223,-89.90873236,0.521160179,29.39692685,1
0.871294799,51.162761,89.97310858,0.616695255,29.41234692,1
0.864337307,51.06467141,89.96502124,0.667481077,29.68948658,1
0.867315995,50.85541549,89.92320271,0.715465438,29.45230107,1
0.873852354,50.59096846,-89.97222895,0.637116953,29.19634001,1
0.877598407,50.2141454,89.98402783,0.667428806,28.84553801,1
0.87940995,50.12472805,89.95546178,0.672364472,28.98462861,1
0.878622046,50.01406804,89.92158371,0.541623097,29.00719685,1
0.886219156,49.95640518,89.8792751,0.697454144,29.07469929,1
0.881391953,49.78910182,89.8387034,0.652618899,29.11427846,1
0.870951048,49.71507475,89.77754689,0.573581597,29.1674807,1
0.879636083,49.65525172,89.79986766,0.5161228,29.20448722,1
0.879859872,49.5647675,89.74634303,0.592170661,29.30122098,1
0.881203591,49.54960825,89.85269932,0.479857871,29.28835367,1
0.880281728,49.41171478,89.93878113,0.589056254,29.27122127,1
0.887669329,49.41011331,89.93484613,0.583371901,29.14620947,1
0.891028933,49.38333064,89.93341916,0.565213294,29.16472849,1
0.891628166,49.35596801,89.93198987,0.543204473,29.25371012,1
0.88957143,49.32064847,89.95297617,0.600586104,28.94875482,1
0.8885504,49.20022923,89.94315609,0.525256956,29.32575985,1
0.880819209,49.24426003,89.89913761,0.391290944,28.98013929,1
0.876312359,49.22907013,89.81980296,0.242318721,29.22081393,1
0.878191654,49.15073591,89.80627616,0.212325626,29.15200734,1
0.876034647,49.1605514,89.80429497,0.186410169,29.23197445,1
0.876900561,49.15070235,89.81346596,0.172429415,29.21480469,1
0.873772555,49.11605738,89.82324597,0.13586739,29.33762992,1
0.877088619,49.10746957,89.81027472,0.132797158,29.30144584,1
0.870631677,49.1892268,89.75291928,0.130942313,29.18885801,1
0.869607691,49.24699443,89.82213665,0.0962705265,29.19609827,1
0.865569495,49.35855151,89.85152008,0.0796159169,29.07415113,1
0.865285421,49.38388667,89.87514051,0.0616320627,28.92450227,1
0.856316047,49.44329952,89.88425948,0.0851398802,29.01484714,1
0.863251983,49.44363655,89.87398545,0.0498284485,28.93074318,1
0.870471502,49.33657976,89.90191887,-0.313394433,29.12863416,1
0.876025589,49.41046495,89.91968931,-0.333266317,28.99868217,1
0.878091848,49.35571113,89.98355809,-0.199292747,29.19735909,1
0.879492308,49.59254421,89.95210095,-0.175519674,29.06408088,1
0.874950113,49.64715665,89.83855182,0.00632310438,29.15719522,1
0.880926891,49.72215164,89.8169263,0.025662016,28.99843946,1
0.893530388,49.86703787,89.92690384,0.038211203,29.36763205,1
0.904712338,49.77683423,89.89432568,-0.0111721517,29.71686486,1
0.902370374,49.83231209,89.91554667,0.0281183123,29.72181562,1
0.894838789,50.58920001,89.72615313,-0.115419633,29.50680491,1
0.89159254,50.64323605,89.68689615,-0.139724055,29.72113494,1
0.89337554,51.05018866,89.6885057,-0.11186891,29.34152914,1
0.884606885,51.25306298,89.79854973,-0.208524033,29.53135395,1
0.901129447,51.32885838,-89.95101596,-0.175625251,29.37617401,1
0.848330561,51.40929866,-89.20438195,-0.303330288,28.83985526,1
0.856136788,51.52420857,-88.61673133,-0.249323124,28.38509618,1
0.874894408,51.58488437,-88.30171662,-0.192326351,28.13794369,1
0.936367524,50.36606736,-82.18052111,-0.876408996,25.42749131,1
1.038642702,49.54694521,-79.46804911,-1.493651383,24.49449774,1
1.021373451,48.85519702,-76.44030374,-2.33690029,23.31490492,1
1.048832956,49.32138716,-76.10087232,-3.128126123,23.25872047,1
1.041117407,49.65265218,-75.91131081,-3.788069395,22.59347756,1
1.051369228,50.38005054,-75.76983517,-4.207037257,22.469222,1
1.050271288,50.6447758,-75.51695347,-4.328873455,22.27330166,1
1.064331529,50.73627318,-75.20382994,-4.476125459,21.83788357,1
1.050242365,50.7567073,-74.90051263,-4.740569658,21.77147377,1
1.051944574,50.67542102,-74.95277357,-4.896365444,21.8099913,1
1.077059086,50.76182753,-75.26962125,-4.966447094,21.8382882,1
1.078487585,50.98311384,-75.57663612,-5.039057833,22.07436838,1
1.084236566,51.22470321,-75.63248698,-4.930696501,22.13993455,1
1.100891251,51.49649896,-76.39522143,-4.948283096,22.72295355,1
1.059239442,53.94317281,-84.26061418,-4.06315815,25.60304056,1
0.972189179,55.96110867,-87.83547899,-2.505761276,26.51847374,1
0.869577776,55.82158094,84.9008805,-1.791583679,29.80685495,1
0.825053328,55.60229661,82.67375331,-1.483212735,30.82606537,1
0.810341846,55.3560031,81.01028491,-1.01831494,31.66612873,1
0.832230174,54.93177322,78.78642715,-0.793157335,31.53616146,1
0.817741755,54.7820037,77.63052331,-0.37722886,32.16726778,1
0.803422301,54.49229853,76.46905795,0.0444485256,32.84185741,1
0.795167854,54.38863327,75.49118569,0.680371392,32.95411281,1
0.778088538,54.32378411,75.06304372,0.621800518,33.36908472,1
0.778750583,54.36904893,74.95470443,0.841165621,33.20640097,1
0.791291183,54.21969241,74.33080243,1.024150727,33.60858671,1
0.7976415,54.20248478,74.11913097,1.248847114,33.54497419,1
0.818332774,54.19989426,74.55299583,1.348015381,33.55050649,1
0.824112508,54.33313498,74.94913583,1.284472385,33.84406748,1
0.833106046,54.77520295,75.06053652,1.408844608,33.77338173,1
0.824516837,54.88423206,74.88004531,1.347491547,34.84526631,1
0.824678049,56.27048662,74.60072234,1.364208253,33.60898472,1
0.842452393,57.27714533,74.35826435,1.561615976,32.71412692,1
0.84080334,58.48587046,74.35910691,1.666757194,32.53609443,1
0.836464202,59.79415061,74.05743066,1.254567671,31.78251699,1
0.841427211,62.1518136,74.11961208,1.255275129,30.54373937,1
0.852721157,62.64080565,75.1368005,1.263554069,29.96898076,1
0.83831411,62.9085999,75.81815555,1.242676404,29.95830893,1
0.84216273,63.63756732,77.3293304,1.135466756,29.45579078,1
0.824643032,64.26645123,78.01179648,0.928265986,28.9047663,1
0.831148074,65.13878948,82.52719847,0.281711159,28.70372677,1
0.865298147,65.76408474,86.55720719,0.039812932,27.76117042,1
0.903225417,65.6022598,89.34301325,-0.440864006,27.00364232,1
0.905585724,65.26714024,-89.58897922,-0.90773107,26.58005153,1
0.910462774,64.61532104,-89.06761045,-1.621265044,26.44819419,1
0.88338152,62.00547563,-89.13156118,-1.555584497,26.9150993,1
0.878496015,60.00092158,-89.26470853,-1.652163111,28.20934713,1
0.881914288,59.78227608,-88.57086259,-1.806250777,27.4980342,1
0.880316915,58.66785166,-86.63894831,-2.176526612,26.589577,1
0.884583155,58.46089168,-85.95551976,-2.724826913,26.05345643,1
0.925541922,58.22085602,-83.71354118,-3.053804098,25.35502518,1
0.920608995,57.95697669,-82.77902353,-3.495069511,24.77480437,1
0.950194782,57.81583771,-82.91107964,-3.691539569,25.01595414,1
0.939959519,57.97072627,-83.6497281,-3.683112772,25.17170153,1
0.951364719,58.57411266,-86.53606598,-3.120216262,26.83216463,1
0.936625317,58.81916562,-88.45472896,-2.540867277,27.46212183,1
0.913576105,59.10633378,89.96114647,-2.085548689,27.97497436,1
0.907288332,59.37151207,88.51868321,-2.044717614,28.48315304,1
0.893873209,59.33298022,87.7761879,-1.920046329,28.61124965,1
0.877590551,59.42386171,87.49190336,-1.922149028,28.63679769,1
0.875329761,59.48822691,87.35025616,-1.918308684,28.73572048,1
0.867226235,59.64969168,87.09268155,-1.925343984,28.84214312,1
0.874655501,59.69117952,87.00989587,-1.905914756,28.72453336,1
0.867768656,60.72269054,86.68272606,-1.943188318,28.07070996,1
0.842347883,61.4059695,85.55320932,-1.98174706,27.95042228,1
0.832798323,61.84995994,84.92804362,-2.004207685,27.85004545,1
0.84006951,61.25588995,84.30754996,-2.090123354,27.58855386,1
0.825243222,60.55900847,84.21052442,-2.083852571,27.75633389,1
0.814688959,60.3421359,84.36079214,-2.162380489,26.76510543,1
0.810278641,59.88922057,84.45504169,-2.216766455,25.96215083,1
0.791106987,58.7031533,84.5337507,-2.229667764,26.02626565,1
0.80005142,58.06499642,84.86600192,-2.195276354,26.03838051,1
0.805887286,57.43044342,85.63931153,-2.218031216,26.18988247,1
0.812159453,56.74861885,86.16227347,-2.50861885,26.4235347,1
0.811140829,56.17080719,86.46179039,-2.379939926,26.9984458,1
0.827570922,55.86443794,86.76422697,-2.07121255,26.70753034,1
0.828385824,55.84867239,87.00498197,-2.109116613,26.6988035,1
0.835139866,55.72568268,87.22844048,-2.28268407,26.53648175,1
0.837213114,55.73684067,87.51561555,-2.29973587,26.55675375,1
0.868178071,55.44704898,88.67104229,-2.545356657,26.86567701,1
0.887305453,55.13158073,88.99460539,-2.609332773,27.03331566,1
0.892153966,55.23746729,89.29407659,-2.549391657,26.96731135,1
0.895973386,55.26876722,89.72496325,-2.536097906,26.72536349,1
0.953769894,55.29361944,-89.36417632,-2.558812247,26.39346143,1
0.958877959,55.37038612,-89.34712365,-2.542236164,26.74137469,1
0.967711034,55.45263791,-89.33653609,-2.511871758,26.63980601,1
1.008249161,55.44423559,-88.6027893,-2.59638498,27.02178786,1
1.028972492,55.328491,-88.61314749,-2.802137199,27.02462305,1
1.024700729,55.21265467,-88.75030717,-2.87591491,27.32401747,1
1.005456298,55.21690759,-89.50008266,-2.855936746,27.78950781,1
1.007692995,50.40474333,-89.47644729,-3.572221955,27.68422609,0
1.016067236,50.79060718,-89.52722971,-3.219834028,28.66082409,0
0.986663354,51.1530243,-89.82064409,-3.146059128,28.73175712,0
0.954977883,51.29287827,-89.90570194,-3.107458066,28.76903424,0
0.944922269,51.330772,89.94374037,-3.086009512,28.9445394,0
0.941759697,51.32652568,89.87031146,-3.066188391,29.05515336,0
0.936336129,51.28349365,89.44218308,-2.972512548,29.07963708,0
0.93845705,51.22744817,89.31607667,-2.971926056,29.05400306,0
0.959133776,51.2047152,89.17647096,-2.885220155,29.13028489,0
0.946329521,51.25997777,88.90917837,-2.807868554,29.21505309,0
0.935777728,51.27362184,88.7538317,-2.886879104,29.2647134,0
0.889819389,51.28445302,87.88972953,-2.60868587,29.37929409,0
0.846858362,51.54786747,87.23096371,-2.526347868,29.33770035,0
0.838743282,51.60406758,87.05023644,-2.607307015,29.35687004,0
0.839147079,51.67008727,86.96232606,-2.653388442,29.42840672,0
0.841684317,51.68416533,86.85822639,-2.843867974,29.540274,0
0.8296865,51.88388345,86.68227953,-2.837684582,29.49492509,0
0.822854269,52.02823533,86.63902817,-2.832678691,29.28298968,0
0.826039731,52.2592356,86.65072386,-2.890511787,29.10936377,0
0.851111855,52.2333246,87.24570661,-3.175788775,28.99245516,0
0.86332667,52.17839982,87.52029791,-3.109604393,28.88240957,0
0.867944856,52.23717262,87.71829772,-3.119488001,28.75756977,0
0.870256921,52.24697998,87.77734842,-3.140662429,28.76134521,0
0.871575794,52.20451888,87.82814118,-3.170141591,28.85976384,0
0.877068377,52.17483995,87.86861214,-3.277448657,28.79546031,0
0.877021119,52.18028563,87.96014054,-3.301394599,28.65306752,0
0.882708148,52.10160302,87.96009372,-3.359439734,28.9132716,0
0.881929918,52.07181723,88.00727339,-3.438855226,28.89447333,0
0.884091333,52.03363335,88.05323917,-3.491837465,28.83782391,0
0.881624662,52.03187146,88.07171686,-3.407713512,28.80521304,0
0.890000588,51.89148472,88.07721758,-3.48592081,28.8041327,0
0.880860598,51.82424595,88.09635658,-3.469380151,28.77445985,0
0.865708073,51.54031114,88.3639807,-3.436218057,28.32666042,0
0.867445894,51.32056146,88.49636777,-3.214350453,28.23942507,0
0.871317083,51.02396422,88.56633247,-3.158932114,28.30095929,0
0.862791104,50.67563373,88.60055469,-3.202179885,28.19055966,0
0.859033531,50.32056941,88.59872718,-3.215686282,28.13359622,0
0.867410827,50.07851565,88.83109977,-3.181906803,27.58060583,0
0.871374983,49.83526942,88.8216266,-3.157866772,27.50975264,0
0.892264196,49.71203984,89.24273514,-3.126794633,27.36986645,0
0.905153596,49.65539009,89.64857635,-3.063375619,27.29325978,0
0.909738082,49.56102135,89.83708863,-3.127266241,27.06873691,0
0.908957956,49.5844844,89.91017849,-3.177719994,27.16775564,0
0.918713676,49.54650364,-89.97739751,-3.041942699,27.15585176,0
0.918207015,49.54799219,-89.94308748,-3.046745664,27.12600624,0
0.928377928,49.50451588,-89.91708448,-3.048540311,27.06566019,0
0.922645534,49.42913706,89.96337291,-3.064634078,27.2939309,0
0.919855804,49.40638726,89.90695706,-3.117895417,27.38145878,0
0.916450483,49.42896068,89.78070398,-3.124389665,27.57247628,0
0.907388656,49.4072739,89.59724375,-3.074339027,27.65852821,0
0.909357694,49.3430112,89.47580505,-3.189305463,27.81657643,0
0.908780967,49.31910808,89.42313414,-3.174931474,27.8215841,0
0.913391617,49.23723034,89.47464368,-3.214512926,27.74136308,0
0.922178035,49.21594048,89.49962486,-3.230735003,27.7492469,0
0.895686296,49.20463381,89.31716021,-3.25463685,28.02807163,0
0.897935617,49.22534397,89.33235781,-3.264416457,27.92707287,0
0.89644873,49.22975284,89.34411573,-3.263688104,27.88882095,0
0.896445744,49.21965481,89.35763784,-3.262411071,28.07714246,0
0.885485083,49.25972097,89.38401991,-3.217269895,27.9977458,0
0.876950147,49.15039545,89.51880672,-3.303473795,28.04474201,0
0.85262076,49.10363845,-89.67317345,-3.309035043,27.32922325,0
0.857099102,49.09127812,-89.25111262,-3.051231337,27.05074712,0
0.885160403,48.50813157,-86.82965684,-2.940447426,26.0477918,0
0.936392197,48.54581268,-84.97890985,-3.136821977,25.20210194,0
1.01288211,48.22579472,-82.69127419,-3.366749155,24.18544087,0
1.028168743,48.14354322,-82.62866097,-3.424825946,24.11745902,0
1.030370731,47.94114205,-82.76139553,-3.656169127,24.30594843,0
1.065423853,48.0781084,-83.72948355,-3.302934007,24.53652166,0
1.039876907,48.05425483,-85.31130635,-3.288088917,25.43289737,0
0.98015926,48.0290914,-88.48094722,-3.522592463,26.80473734,0
0.891946855,47.89567566,88.38961582,-3.498638513,27.94779708,0
0.810538199,47.88074958,85.33895056,-3.929709537,29.41662965,0
0.712654355,47.44326707,82.11530435,-4.028770191,30.82543216,0
0.711482357,47.33632611,81.34192078,-4.081611574,31.4113557,0
0.715684583,47.34190455,81.37190146,-4.54468203,30.93609151,0
0.756346568,47.30581634,81.76216277,-4.837184558,30.92842695,0
0.715708292,46.77268678,81.67793748,-4.794051771,29.68148522,0
0.700942439,46.05867426,81.91781959,-4.912407145,30.04169328,0
0.702462277,45.47618501,82.4370762,-4.881613561,29.64623401,0
0.6883689,44.9937365,82.76603206,-4.854627645,29.91345324,0
0.676561164,44.93928439,82.86005439,-4.736394573,29.88711075,0
0.675634842,44.1897806,84.76121962,-4.662622727,29.61676573,0
0.728751197,43.92986608,86.1812986,-4.648960033,29.25812124,0
0.742196222,43.93136951,86.92604117,-4.610359786,28.87718089,0
0.731905805,44.20440162,87.3018788,-4.644511407,29.01833388,0
0.772852161,44.41322586,87.29143309,-4.569375199,29.98026928,0
0.797436639,45.00858869,87.28138501,-4.651863561,30.05193163,0
0.831787015,45.24277551,87.29832822,-4.69459664,30.24960802,0
0.854489293,45.41676567,87.25713974,-4.789850535,30.61154426,0
0.874933295,45.51131703,87.26633756,-4.839539136,31.20530216,0
0.909488826,45.50913172,87.27660165,-4.842824509,31.27754417,0
0.938003943,45.49729981,87.26837681,-4.923813916,31.710817,0
0.922780174,46.03793132,87.30206833,-4.917271302,31.37689029,0
0.929597061,46.56290293,86.92708556,-4.930634322,31.44914158,0
0.87156012,47.08655715,86.65482024,-4.956779822,30.92977982,0
0.835009885,47.64293304,86.47755201,-4.956305521,30.39102871,0
0.811274961,48.21189099,86.31695537,-4.965025934,29.77257412,0
0.812582146,48.64140956,86.40176482,-4.980188133,29.61361486,0
0.817354844,48.87715369,86.46170897,-4.936312451,29.39166482,0
0.824778763,49.10017762,86.49388232,-4.782284699,29.10383114,0
0.815729046,49.28510605,86.61451091,-4.739255831,29.0005068,0
0.817053005,49.34602596,86.67909971,-4.73080242,28.74223706,0
0.827593623,49.33124531,86.90223656,-4.73030303,28.71111556,0
0.823929072,49.33102818,86.9308281,-4.729342506,28.86718053,0
0.827352856,49.30947361,87.10654231,-4.66380595,28.6994229,0
0.831929911,49.29975251,87.18237705,-4.510930361,28.62323027,0
0.820482349,49.26145217,87.2895116,-4.440156345,28.46633402,0
0.829210414,49.2668477,87.40795708,-4.422606398,28.41958395,0
0.836468955,49.23116207,87.50222158,-4.407810379,28.14551565,0
0.821679265,48.90521571,87.45044052,-4.465904221,28.06529433,0
0.820826123,48.5522684,87.36406812,-4.533834457,28.40717805,0
0.817181564,48.2207807,87.47208907,-4.5328786,28.11424368,0
0.810942835,48.15611646,87.53649501,-4.541890676,28.20851165,0
0.811941429,47.92212874,87.78326228,-4.675575898,28.1884116,0
0.822684247,47.86676957,87.99066339,-4.726718829,27.8494004,0
0.826105097,47.69837519,88.27191071,-4.765811761,27.99678203,0
0.866978537,47.61567295,89.03910988,-4.452196942,27.67891017,0
0.900518429,47.72121537,-89.83348327,-4.106597081,26.73737421,0
0.887710438,48.73982951,89.80470701,-3.778692623,26.00453727,0
0.875564213,49.24563502,89.53811215,-3.414636307,25.87525613,0
0.871173341,49.38407783,89.22312338,-3.07679086,25.91421072,0
0.862161898,49.65130686,89.1429907,-2.67449685,25.76336125,0
0.87961016,49.73738383,89.27889018,-2.50578158,25.60407899,0
0.870308004,49.61738309,89.47790865,-2.590928936,25.27476228,0
0.865149035,49.29442663,89.63108862,-2.458584468,25.23580875,0
0.858984708,49.23598867,89.63734253,-2.492255941,25.5579226,0
0.864802637,49.10280817,89.90852246,-2.7420824,25.73338138,0
0.872496965,49.1464395,89.87677678,-2.860219823,26.2113282,0
0.876670432,49.76421892,89.48400077,-3.074178959,26.59253393,0
0.878661428,50.23118138,89.17236839,-3.115373944,26.64211574,0
0.905036721,50.12560277,89.23359626,-2.946459673,27.29858217,0
0.886778297,50.12548305,89.25090207,-2.699148431,27.69113649,0
0.898190778,50.29080533,89.1706485,-2.440519627,27.91279011,0
0.896117412,50.65357981,88.89008169,-2.176945316,28.02387757,0
0.916643817,50.6417801,89.07428903,-2.430318843,27.92198797,0
0.914284993,50.7518456,89.07056252,-2.545533432,27.74412877,0
0.91934493,50.78101955,89.2345342,-2.567438121,27.76698209,0
0.911943838,50.9177709,89.27318136,-2.562348299,27.49474782,0
0.919611883,50.99227765,89.25920152,-2.525103761,27.22351612,0
0.916579832,51.13476852,89.22406908,-2.454689745,27.24276419,0
0.927926288,51.14103805,89.43913531,-2.317726087,27.24862993,0
0.932981146,51.21138698,89.40471061,-2.184387561,27.25017711,0
0.936356634,51.18965046,89.36431176,-2.099768478,27.24111444,0
0.948417385,51.1486153,89.3111096,-2.102115047,27.19941648,0
0.943113007,51.11529975,89.35310389,-2.09556956,27.25224943,0
0.944549724,51.10967718,89.30892077,-2.128155438,27.35671455,0
0.948290028,51.0727208,89.31196704,-2.272799524,27.13566382,0
0.939098154,51.0076107,89.31395918,-2.340823636,26.98316569,0
0.927983598,50.79958526,89.33550284,-2.338779207,26.33481979,0
0.914988484,50.55484233,89.36427354,-2.446771883,26.36810959,0
0.921701829,50.07491644,89.62004224,-2.588773206,26.30429981,0
0.902918976,48.36094519,89.94814866,-2.595579794,26.64763467,0
0.923878275,47.73841423,-89.90979671,-2.632358234,26.86374195,0
0.916869973,46.85040377,-89.96329698,-2.524864747,27.42277041,0
0.914456366,46.63118094,-89.93775621,-2.261549038,27.410507,0
0.907411616,46.51134606,-89.74017119,-2.370573453,27.03870642,0
0.886654534,46.46611529,-89.72289061,-2.404769385,26.49912258,0
0.884791839,46.51648028,-89.73426718,-2.456546081,26.32692993,0
0.864822095,46.59083901,-89.86807238,-2.448011769,26.31480773,0
0.862933912,46.59472704,-89.95336151,-2.430149534,26.31475969,0
0.861962493,46.58564549,89.88868072,-2.495895663,26.36365288,0
0.846690591,46.57322998,89.73003102,-2.554708787,26.42127901,0
0.84003497,46.57423385,89.73093536,-2.572254779,26.43008053,0
0.854883608,46.56407565,89.62434485,-2.58941691,26.80770029,0
0.846359189,46.68796358,89.5766652,-2.428666408,27.01936657,0
0.853044807,46.67105805,89.51783307,-2.412630291,26.88944328,0
0.847082763,46.70283332,89.51383812,-2.400053912,27.10796364,0
0.841465392,46.79664995,89.49020717,-2.397226068,27.24251027,0
0.841355733,46.84474195,89.44142981,-2.319728228,27.16646373,0
0.857493746,46.85184573,89.49074535,-2.31254034,27.19646094,0
0.840319118,46.87082061,89.47600561,-2.348459942,27.23461528,0
0.850681916,46.99416563,89.48420038,-2.337648514,27.16895815,0
0.849610541,47.00958477,89.48976369,-2.369011229,27.27841172,0
0.820301144,47.18394209,89.61355008,-2.326640058,26.88470685,0
0.793523149,47.19536887,-88.99313709,-2.411890104,26.01002551,0
0.883809485,46.89002715,-86.8798439,-2.482919724,25.05963395,0
1.024780001,45.7122938,-81.90384041,-3.090501441,22.5685737,0
1.089061711,44.768289,-78.94455791,-3.580320742,21.97304674,0
1.172114835,43.74537353,-77.14536913,-3.827486649,21.09471075,0
1.165991301,43.50540411,-76.67991287,-3.999944844,21.23469438,0
1.204657863,43.37613066,-76.31983235,-4.139696521,21.26928116,0
1.211991219,43.29982709,-76.12601981,-4.158524497,21.11326204,0
1.163589123,43.1814687,-75.81230889,-4.291181895,20.13359019,0
1.089403329,43.07650603,-76.12320399,-4.319653899,19.32910481,0
1.098392783,43.01434562,-76.44204269,-4.3252274,19.45806653,0
1.09801371,43.09141669,-76.66520943,-4.279796086,19.46556297,0
1.089065208,42.58494361,-77.82885339,-4.348156489,20.01379931,0
1.098253305,42.52573812,-78.81877322,-4.381073264,20.95812702,0
0.9084103,44.35466134,-86.03845676,-3.892405925,24.17679415,0
0.828943298,44.63054865,89.19610635,-3.077276342,25.57695089,0
0.725875346,44.24372081,85.09896099,-2.389907724,27.21497967,0
0.668974183,43.87954967,83.27846112,-2.302853768,27.84073574,0
0.608996089,43.63074633,81.19426239,-1.992024276,27.60086557,0
0.572466291,43.31889509,79.8135466,-1.832079498,27.87237609,0
0.556668506,43.23658843,79.32734684,-1.828640967,28.24309769,0
0.528486838,42.97012711,78.49356625,-2.166442014,28.82215387,0
0.495181083,43.4753631,77.84464995,-2.098797666,30.36723836,0
0.502830931,43.92984772,77.82313688,-2.02115681,29.6878726,0
0.520062031,44.37059904,77.65574962,-1.85797383,30.99849393,0
0.509667063,44.51896886,77.42245152,-1.738056929,31.75161439,0
0.547332029,44.99975969,77.54550926,-1.467669384,31.29764595,0
0.508139044,45.61377686,77.4390402,-1.728215144,31.64784542,0
0.522487928,46.60481006,77.54399521,-1.763081726,30.67174941,0
0.544601033,48.09450139,79.43964432,-2.046752166,29.16569069,0
0.618722608,48.66670743,82.26603552,-2.192023553,28.33405711,0
0.704390183,49.42265135,84.77258127,-2.147391065,27.3150975,0
0.763522859,49.92994725,88.10203279,-2.121820706,26.44845255,0
0.807426859,50.0966131,89.10744408,-2.113189343,25.96076319,0
0.792518724,50.12363634,89.08146837,-2.199591504,25.64911867,0
0.806151024,50.16264491,89.11212122,-2.130483096,25.73278267,0
0.813559662,49.54308933,89.27560288,-2.025998462,24.73577536,0
0.826565829,48.60947737,89.41515121,-1.753367897,24.63480577,0
0.7829299,46.9625948,89.5045723,-1.848725174,23.88010746,0
0.775072452,44.75281636,89.95008118,-1.844033953,23.64963577,0
0.803591366,44.30558372,-89.96281402,-1.864181486,23.54418628,0
0.830193661,44.22993251,-89.63559707,-1.853914537,23.31428731,0
0.826483152,44.4324121,-89.32435157,-1.853913635,24.42881594,0
0.915374219,44.63618607,-89.35929602,-1.8703307,26.64054708,0
0.926747677,44.98441991,-89.39800023,-1.883700756,26.87503062,0
0.990083568,45.00062993,-89.48880908,-1.964376824,27.97343604,0
0.984179655,45.31276357,-89.50729785,-1.945021891,28.09088882,0
0.999432944,45.66517915,-89.67012926,-2.057656825,28.3590699,0
0.946741437,46.05837897,89.96070884,-2.095559058,28.4806535,0
0.921860545,46.30663743,89.71644661,-2.0674985,28.56833977,0
0.900311504,46.64348062,89.46431555,-1.902477723,28.68846737,0
0.898643449,46.95027807,89.31572693,-1.901726825,28.62230852,0
0.873915118,47.30250384,89.13844322,-1.864729159,28.29026116,0
0.858727601,47.569659,89.02677817,-1.878363955,28.17518518,0
0.848300353,47.79924546,88.92690759,-1.851478514,27.89504637,0
0.843673203,47.84549077,88.86983336,-1.808559853,28.00004185,0
0.838644226,47.85277761,88.72008063,-1.796069191,28.02939472,0
0.84444053,47.89707399,88.66072427,-1.733711553,28.11038866,0
0.835777473,47.96797223,88.60979484,-1.743995342,28.05698284,0
0.827319721,48.06513359,88.57933266,-1.692006826,28.0310517,0
0.811172414,48.1356324,88.51951677,-1.688199707,28.03221453,0
0.787622657,48.35576681,88.51966981,-1.588328793,27.83900624,0
0.790805635,48.4326087,88.89541528,-1.652919693,27.83931937,0
0.828867321,48.36123233,89.25922749,-1.853485733,27.56909291,0
0.832853823,48.37098816,89.37508621,-2.007581421,27.63028972,0
0.845881013,48.32419423,89.57353867,-2.034811314,27.6052828,0
